Expert,Skill,Predicted Rating
262,8,3.0157814
297,24,2.7742467
477,68,1.9871135
427,31,2.278658
521,65,3.1576853
88,74,1.6792852
170,46,1.6792852
297,8,3.2361884
552,51,2.9003577
385,32,2.876832
503,11,1.6792852
696,10,1.8825014
703,42,2.9135518
241,78,3.2701197
588,68,2.368576
163,62,3.1403122
521,57,3.4587636
76,48,2.4987507
410,65,1.6792852
331,93,3.3775163
53,0,2.8255498
669,80,2.7990942
463,26,3.3016438
385,60,1.6792852
298,37,1.6792852
408,68,1.9062138
173,52,2.8749557
278,42,3.7006493
637,6,3.6780176
493,0,3.5507212
533,52,2.5933628
540,32,3.316609
257,64,2.742856
170,51,2.5178869
504,78,3.6252298
81,6,1.9340116
35,31,1.7531351
424,69,2.724698
69,57,3.6287098
463,51,3.215536
666,0,3.1819215
146,12,4.265829
459,6,3.286436
170,76,3.929515
218,55,3.4470983
694,52,2.8332243
427,78,2.339561
36,39,2.6108768
552,11,3.080406
44,31,3.3886285
213,45,1.7241129
42,132,3.7112994
161,51,2.797401
619,7,3.4712698
352,33,3.2456503
408,24,2.7086096
666,74,3.7431087
204,46,3.242497
37,8,2.3155415
401,76,3.163869
385,145,2.912734
219,34,2.1194844
1,78,2.0858374
668,72,3.631416
76,95,1.9601136
367,64,3.476827
610,125,1.8498162
699,57,3.5014684
252,32,1.8966247
131,34,3.8582268
622,102,2.9051661
534,46,3.159733
343,64,2.4395814
546,31,2.940506
529,144,1.6792852
477,0,2.7357006
502,26,1.9959524
331,74,2.6467054
649,88,2.6064863
625,80,3.2852063
631,31,3.6068585
502,45,2.716463
78,33,2.5055797
410,34,2.352407
193,24,3.6529462
53,79,2.4164128
235,102,2.89821
666,144,1.8938713
503,64,3.1375155
646,74,2.9677348
552,69,2.4609041
590,46,2.7533298
568,78,2.2593656
218,86,3.7193642
574,45,1.9711328
669,64,4.389289
289,58,3.2640429
701,69,2.2731214
693,26,3.6713753
301,24,3.438482
130,6,1.7261385
219,13,2.910326
510,13,3.6503692
1,62,3.7125278
600,102,2.6604524
498,31,2.6893091
540,125,4.003176
410,72,3.577506
198,45,3.4019332
410,145,3.344923
430,11,3.5365565
163,64,2.53225
73,21,3.5139372
358,32,2.3656242
21,46,3.2162805
33,39,2.4775674
74,149,3.4351
121,47,3.0273037
673,37,2.426075
360,22,3.3379683
83,140,3.5775433
340,125,3.3621702
90,57,3.5456586
53,11,1.6792852
444,47,3.0275679
549,72,3.6240716
385,45,2.1477618
289,20,4.0757747
637,55,3.117054
625,0,2.1342485
225,159,3.2266705
484,47,2.5592332
451,45,3.1570568
130,11,1.6792852
151,69,3.3702407
377,0,3.8592644
242,10,3.2079535
367,10,3.4493952
33,6,1.7459058
257,145,2.0325162
696,45,4.126005
549,21,3.0360775
549,80,3.3439775
171,24,2.716222
528,11,2.1138315
343,46,3.385363
321,134,2.25788
39,10,3.7502303
235,39,2.4159365
520,140,2.527303
258,132,2.8091908
520,80,1.7964371
187,85,3.271587
348,57,3.8713527
641,45,2.0087538
625,90,1.8520495
151,11,2.113266
204,64,2.2661786
225,38,2.2370198
392,101,3.6321628
84,21,3.5316944
348,78,3.6499515
463,85,1.8987763
540,144,2.6382372
516,144,3.2051005
427,145,3.194306
74,132,1.9220836
669,156,3.317109
552,6,3.7713385
423,22,3.3441458
281,78,3.068865
256,31,1.867857
171,42,4.0484896
365,24,3.140973
52,102,3.244277
218,33,2.8837075
447,86,3.2764678
133,8,3.9131212
593,58,4.0132885
625,6,2.5011325
528,145,1.7911363
292,52,2.1329772
236,69,4.220994
483,65,3.0949342
502,74,2.8165145
315,32,2.6087277
649,0,3.185721
435,11,2.6737618
44,102,3.0169587
540,102,3.4767528
520,93,2.6369288
693,6,3.055592
217,47,2.8889832
648,13,2.3490887
528,74,2.4930427
617,22,3.293291
600,45,3.6163354
289,6,3.139452
75,217,1.6792852
130,13,2.452776
180,79,2.7511606
637,166,3.3177722
39,132,3.738779
516,23,2.7251801
190,41,3.880783
228,31,3.4654198
408,26,1.6887676
593,69,1.6792852
170,32,2.912055
41,108,3.1018734
637,101,1.7615111
649,47,2.4364676
628,52,2.3577886
52,22,3.4578686
25,32,2.3954895
134,62,3.14786
74,97,3.8661933
292,26,2.4423838
485,23,2.8303204
485,122,2.1871881
375,80,2.1347456
637,5,2.633121
673,67,2.6662152
264,11,3.0685291
38,118,2.6128173
666,37,2.0492754
42,39,3.2077513
501,41,3.103621
182,6,3.7574282
447,11,1.7321098
132,0,2.8896132
423,65,2.6480865
483,76,3.551777
236,47,2.0996952
689,60,2.579255
42,13,2.3734212
375,34,3.99614
331,132,3.300066
204,57,3.2200384
521,23,2.8192601
457,55,1.6792852
235,80,3.0774765
173,45,3.620482
336,132,3.2086058
177,15,2.8017178
420,102,2.6832232
622,132,3.0655694
300,62,2.0265906
655,46,3.5094166
318,52,2.4771633
24,21,3.4403348
592,34,3.531289
611,39,3.0085602
525,62,1.6792852
69,34,3.7502275
339,122,1.7728776
189,78,2.7479873
458,86,3.7652974
78,23,2.489044
699,13,2.3808527
622,65,2.9298
375,145,3.3576703
440,38,3.4811459
458,32,3.428457
104,61,3.4791307
401,120,2.6759825
3,45,4.0375357
425,80,4.3366117
593,42,2.725748
249,52,3.3483605
662,8,2.5758765
664,8,3.5517502
343,72,3.6506028
697,68,3.3625507
337,47,2.3376021
401,80,3.1250038
502,17,2.9884272
105,46,3.2310865
696,23,1.6792852
608,79,2.7069292
277,47,3.431569
440,62,2.3605216
196,24,2.5911484
23,59,3.8197932
74,187,3.7367806
268,38,4.060584
264,55,3.0039606
245,13,1.6792852
83,69,3.121574
247,51,3.539324
10,47,1.6792852
175,52,3.8143888
536,10,3.0990152
151,37,2.68782
276,102,3.5615473
79,76,2.9429302
231,23,2.9416842
308,47,2.2768579
484,34,2.4150512
235,58,2.6537204
160,33,2.3610086
260,15,2.3416739
540,8,2.4095223
614,85,2.951198
444,144,3.9848433
619,193,2.467212
42,88,3.7431655
445,46,2.0142171
268,93,1.8676982
475,31,2.2325213
464,88,3.3345282
164,10,3.5984845
313,45,3.3763914
693,51,3.580958
546,247,2.9592829
336,65,2.8872972
146,119,3.3791475
622,31,2.697053
152,69,2.5591354
86,31,1.9886653
646,57,1.8109096
540,22,3.0138927
463,62,3.744176
504,51,3.5854235
411,226,2.938211
328,58,3.6010218
10,88,1.9192696
694,132,2.2220347
53,232,3.119369
588,122,4.078134
503,72,3.1521585
600,23,2.267981
352,47,3.1425023
104,65,3.1952763
423,47,3.2375712
377,45,3.1874425
88,33,2.3421898
196,65,2.7651591
228,24,3.4836745
471,125,1.6792852
154,31,3.680921
504,76,2.9573865
104,62,2.3270354
568,34,2.7363663
628,8,3.5098042
533,102,2.36046
642,102,3.6096325
468,76,3.238866
625,64,3.1216903
396,11,3.3795319
106,23,2.4448793
234,46,2.9315886
475,26,4.0435123
88,195,3.3157234
195,57,2.7518725
435,0,1.7592463
529,85,2.6593668
173,31,3.22526
146,252,2.9925532
48,45,4.320502
457,42,3.2643812
185,62,3.3415754
53,255,3.2819686
276,55,2.4987473
408,60,3.296904
340,52,4.1183925
252,55,3.6119988
199,80,3.6309328
171,55,3.3043437
423,31,1.6792852
529,62,3.1461835
632,45,1.6816673
464,46,3.0708003
169,125,3.425816
514,51,3.5581875
482,45,2.997436
104,69,2.8854053
53,36,1.8005627
680,74,3.4738836
164,72,3.5461512
163,23,1.8400002
171,145,3.6374683
482,51,3.559902
52,45,2.1484075
200,67,1.8264129
219,132,2.4975176
132,34,3.2486033
90,31,3.8667645
211,150,3.2321815
234,122,4.0766315
363,60,3.2907696
540,74,3.7490249
367,102,3.2194767
568,39,3.8161535
506,39,3.0707712
13,34,2.379311
171,102,1.6792852
196,34,3.4579487
343,45,2.6229508
21,22,2.4795566
664,51,1.8227569
218,80,2.8407803
652,47,2.5979254
143,159,3.5481744
175,120,3.7521038
338,85,2.8404593
610,57,3.4923625
680,39,3.6329694
430,17,3.7302413
195,3,3.2855153
190,13,2.8594747
457,65,2.6430218
376,102,2.833352
297,62,3.4939928
74,61,3.0856347
669,51,3.539063
146,2,3.3347976
528,78,1.7088463
276,32,3.6304617
396,0,3.7764606
187,64,2.5006876
253,80,3.3947573
540,64,3.7126784
325,8,3.2364411
119,6,3.2286577
84,144,3.617165
148,30,2.6445932
16,45,1.6792852
37,252,2.7125273
37,286,2.8484845
268,30,3.2701545
404,51,3.321169
458,61,3.5068789
610,78,3.5993383
518,144,2.0166392
612,47,3.6611214
644,45,3.123445
216,31,3.557138
652,8,3.8282118
600,22,3.287301
236,52,3.0677872
118,46,3.0030847
542,24,2.654966
27,63,1.8976343
666,20,2.3921134
359,85,3.9724698
639,64,2.2274494
423,42,2.877748
53,96,3.230752
135,102,2.906836
593,102,1.731933
694,122,3.772202
259,13,3.1250334
703,21,3.0973754
606,68,2.5198076
557,80,3.5601
169,145,2.2662556
668,13,2.6332996
409,10,3.5705023
37,32,3.2682838
105,10,2.6730769
280,74,2.7165093
36,52,3.2408018
75,289,3.339245
689,69,3.6165562
69,102,2.4967003
281,21,3.2739077
447,0,3.7037787
552,37,2.2451556
546,47,2.3170729
574,140,3.857337
610,45,1.8110107
497,80,1.8700604
573,51,1.7402248
70,32,2.579344
600,62,3.5258448
86,63,2.9565034
516,42,2.438048
172,330,1.896438
458,68,2.55179
257,42,2.1196356
579,65,2.6471195
644,39,2.6273594
552,88,2.5762973
356,51,1.6792852
423,58,3.338664
610,8,3.3754344
510,85,3.8387094
337,76,3.7006068
338,0,3.1753874
36,88,3.5654793
36,125,4.05712
428,144,3.1713915
146,63,1.6927748
38,7,3.616002
483,72,2.6167557
236,144,1.6792852
473,24,3.1866124
277,46,2.8487287
390,32,1.6792852
127,62,2.0693245
118,229,2.697856
199,72,2.6195226
258,10,3.5010018
226,33,2.6612144
504,46,2.3924952
614,144,2.2971516
83,45,2.937097
82,31,2.7367811
328,8,2.42511
518,65,3.0967555
424,80,3.7499614
536,78,2.9954739
352,13,2.9881787
637,86,3.3254404
106,61,2.3106678
180,8,2.1494448
336,42,3.1291373
36,57,3.3016949
410,22,2.443173
315,152,2.5675547
612,13,1.8311565
420,55,2.9616046
160,51,3.4587798
88,58,2.9103746
274,252,3.8856893
350,68,3.3264256
616,0,3.6573453
227,32,1.9592351
391,31,3.2415214
278,62,2.3136716
276,62,3.6675062
53,105,4.282803
260,215,3.6941109
224,102,2.5665963
475,74,3.5571327
475,88,2.1413543
89,11,2.225346
258,45,2.159717
378,55,3.1471398
289,10,3.2338128
359,80,2.2687385
51,132,4.0521507
329,8,3.573312
398,46,1.8383054
253,285,3.82767
64,47,3.7679224
367,46,1.6792852
268,69,2.570355
655,0,1.6792852
70,61,3.3671393
10,62,2.0031621
664,45,3.5800188
303,11,2.9299674
83,67,2.4067323
463,45,2.308134
404,45,2.751501
81,122,2.1668591
610,64,3.5533686
529,46,3.0372834
254,39,2.609116
644,46,3.4720254
625,21,3.009122
195,74,2.531374
514,45,2.011879
568,52,4.0569434
375,88,3.5391417
392,68,4.1501617
311,62,3.3752363
90,22,3.7884374
227,31,3.7549434
227,67,3.1423512
289,52,2.971859
122,102,2.1576607
252,26,3.4408417
93,67,2.709234
308,55,1.6792852
689,65,2.7751749
90,32,2.8096194
28,264,2.5329194
204,31,3.6741424
628,155,3.3354425
256,301,2.5246677
278,8,1.8020362
297,80,1.808422
84,60,2.313901
376,33,3.6211705
36,65,3.281386
189,72,3.3283534
54,64,2.892095
329,45,1.9899004
208,13,3.5909796
236,80,2.4481404
160,74,2.4504957
83,57,3.0125966
37,1,2.4007025
353,65,1.9737804
105,33,3.8490915
105,125,3.4258134
600,6,2.424231
365,32,2.7353692
160,52,3.1542044
696,55,2.8672009
88,230,3.2912707
424,6,1.6792852
257,58,2.3204439
680,24,1.6792852
17,80,3.3180819
38,204,3.5413413
471,80,3.7643046
276,23,3.6141968
255,46,3.3112097
669,21,4.4364085
228,57,2.2155635
315,344,2.9072132
503,68,3.2579002
51,60,3.0816693
117,24,3.756466
410,102,2.2443688
193,45,3.239149
493,52,2.6033866
365,34,3.138466
649,32,1.6792852
462,24,2.9320183
79,74,2.990996
13,80,3.4154553
70,42,3.771134
274,6,3.7798524
146,236,1.6792852
391,85,2.7460172
38,41,3.326909
53,137,2.829262
363,33,3.5583835
607,21,3.3922749
138,55,3.898984
313,39,2.5056105
161,132,3.9781084
70,86,3.0963216
666,57,2.9795337
117,62,2.7600956
168,74,3.61977
607,24,2.4114306
83,58,3.6763935
699,46,1.6792852
75,6,2.499867
697,102,3.4021652
211,11,3.6479168
331,13,2.9724991
185,11,4.233206
643,13,4.2402124
257,22,3.1996093
642,24,1.688147
338,10,2.5418391
420,21,2.8429103
396,85,2.7672389
588,144,3.5429487
641,37,3.2842627
348,22,3.6740022
16,47,2.5002687
123,33,2.3612685
703,13,2.7953196
216,32,3.598395
193,373,3.2491565
335,45,2.826191
401,72,3.6505933
486,69,2.4961452
172,140,3.2236767
264,74,1.9925752
423,55,3.1346526
180,11,2.3030295
245,263,2.7276592
105,72,2.2224312
376,51,3.4017186
231,152,3.0188727
336,33,1.8842274
168,23,3.1086273
662,26,2.3005006
51,11,2.5642812
590,55,2.4869075
689,37,1.6792852
521,20,3.2160683
503,52,3.2558246
146,78,3.5436563
34,24,2.4151928
197,46,3.6495438
187,0,3.4360733
170,22,3.490292
462,62,3.2879343
356,86,2.439342
566,31,1.6792852
649,78,3.261952
603,62,3.5399823
634,31,1.9195682
52,57,2.5256994
673,122,2.857398
338,24,2.9140909
583,122,2.3986514
701,22,3.9016104
551,68,3.8652573
534,42,3.6548088
463,10,3.4841895
363,74,3.468163
699,34,3.5856183
504,120,2.8242407
390,47,2.8910165
435,68,2.632306
51,33,3.0311484
401,61,4.2334213
338,52,3.6097155
512,52,3.2383037
218,102,2.76413
420,47,3.004642
549,62,2.0096657
132,55,1.6792852
637,69,1.7874792
296,57,2.6559594
375,76,1.6792852
600,86,3.406558
483,42,1.6856637
164,60,2.8669949
590,37,3.582448
36,55,1.6792852
477,132,2.054191
163,21,3.2042127
74,322,2.6205404
520,55,3.4424243
449,33,1.8742646
471,102,2.1620169
42,0,2.9658036
515,13,3.2781024
177,0,3.3033361
593,47,2.7914896
258,122,3.4644682
148,255,3.1842217
359,86,2.7973595
381,69,2.7720678
680,61,2.516374
172,141,1.8277736
411,102,3.3986053
257,0,2.914535
189,144,3.2359023
335,145,3.256185
13,63,3.3576546
619,11,3.8999648
147,386,3.8193307
96,22,2.2336538
83,55,3.0515137
83,34,3.1833634
351,7,2.726202
236,6,2.4186473
420,93,2.635272
81,145,3.2772818
667,45,2.4962292
89,76,2.6535134
100,31,2.7292628
489,76,3.1357899
34,57,3.9838285
410,52,3.187636
300,21,3.7846498
195,48,2.048476
253,76,2.445418
338,51,3.4870934
169,8,1.8564743
169,21,3.264412
266,71,2.8989305
347,172,2.473847
698,57,3.9029174
49,45,3.1156344
339,120,3.5612347
52,69,3.7786436
546,37,3.1285973
328,57,3.7710714
118,6,3.1124358
297,33,1.6792852
626,8,2.065772
683,8,4.0872684
552,10,3.322085
70,120,3.2926369
435,39,3.4937391
695,11,3.465057
87,102,3.3591022
182,60,2.0621884
473,31,2.8927956
12,58,3.3922372
673,45,2.427215
89,74,3.3573322
144,17,4.1168265
376,60,2.7383156
360,68,3.3109288
510,31,3.845405
449,73,3.5936236
557,122,3.0497465
401,6,2.5011172
458,0,3.4873157
477,61,3.0770607
73,76,1.7800097
154,61,1.6792852
644,132,4.0273967
520,45,2.5246933
48,13,3.2163477
546,41,3.4444585
58,52,3.0852044
703,10,3.5889182
113,8,3.327796
699,122,1.7033933
642,62,3.6514993
521,120,4.2773576
77,26,3.62683
256,32,2.2888622
214,11,3.1899285
83,80,3.0964832
84,80,1.7734895
189,62,3.355897
375,58,4.1209283
477,24,2.9378572
639,23,3.6213284
699,88,3.0928838
442,45,1.6922388
423,86,3.1765413
634,45,2.0886438
199,32,3.092101
27,156,2.557114
622,76,3.2003798
296,72,3.03449
110,33,3.1033049
632,33,2.787756
283,84,3.3911924
590,47,3.224266
161,120,2.3226657
234,45,2.2802
504,69,1.9738517
42,80,3.2218046
650,6,3.770062
646,85,3.4781146
542,45,3.006721
508,45,2.0314949
485,47,2.1096015
625,61,2.8709245
514,80,3.7383919
518,6,2.5790532
506,74,3.2068555
89,37,2.7823136
696,65,4.0296493
192,11,2.6401772
374,45,1.683636
367,125,2.8307157
666,32,1.7211012
483,21,3.8947601
579,34,4.0327315
336,22,2.921652
49,11,3.0324786
236,55,3.294958
622,42,1.698894
384,0,3.7079406
477,85,1.754808
321,391,3.6288817
211,380,3.0872178
384,20,1.7868532
205,55,3.2489977
512,39,3.3584986
475,6,1.7337042
642,120,2.6436472
379,145,2.3431425
700,102,2.6749883
36,20,3.8070908
484,76,3.7867465
391,45,2.6903267
464,85,3.9760442
117,34,2.7180433
621,330,2.7592645
655,39,3.942585
81,162,3.1462145
338,144,3.1573882
173,51,3.4362028
83,37,1.7195468
74,80,2.4202538
364,76,4.2476716
524,21,3.7765813
348,145,3.070487
447,32,3.0696268
469,52,3.6041493
695,52,2.820241
591,46,3.6993704
668,120,1.7305058
444,26,3.363185
424,88,3.0705802
255,69,3.6153455
139,47,2.791008
235,33,2.8651743
649,80,1.8161769
460,74,3.2331948
444,85,3.8967505
36,329,3.84095
469,45,3.7925148
216,122,3.4007912
226,21,3.5806456
528,0,3.0659895
146,1,1.6792852
534,0,2.6240683
109,47,2.88721
377,13,3.5395327
23,295,1.9212708
188,45,3.0927224
337,52,3.4606895
501,330,2.4605093
225,80,3.2890353
556,68,2.6515756
365,68,2.9838185
322,0,2.5995011
281,45,3.6839728
699,86,3.4290533
419,45,3.7944899
146,100,3.6502461
440,24,2.787894
39,74,2.384373
521,13,2.38945
300,65,3.55302
164,120,3.9549627
255,80,1.7549403
493,34,2.954961
637,430,3.1124458
43,85,2.557936
350,45,2.2624388
289,61,3.6324925
340,13,3.301418
646,76,2.0868468
88,46,3.113288
54,61,3.9438148
671,62,1.6792852
384,122,2.8822184
673,47,3.7303195
51,68,3.2595077
255,267,3.1306171
343,31,2.6232662
66,60,2.5004954
151,24,3.571252
382,8,3.232781
484,60,4.071655
514,24,1.6792852
643,103,3.307188
475,46,3.2436981
155,180,2.6079357
603,47,2.7599916
680,11,2.6642656
419,68,2.7832098
600,57,3.7797637
261,6,3.9319973
531,74,2.7365274
259,10,3.1263223
340,124,3.7349567
42,45,3.3941126
385,69,1.6792852
161,61,3.6684427
151,55,2.5545173
186,125,3.0383291
628,282,3.91005
31,122,3.7258258
51,80,2.5085292
36,22,3.664319
668,125,1.6792852
382,145,2.6825128
91,57,3.700935
252,24,3.4351196
697,11,2.6634388
660,78,3.3098774
76,397,3.3518543
343,8,2.480871
235,69,3.4286985
275,8,2.1309526
81,151,2.414801
224,26,3.1304355
557,65,3.4033804
423,132,2.8426785
325,78,3.173015
444,122,3.3789423
53,119,3.4240267
527,34,3.3180227
589,102,3.72934
336,80,2.5472803
236,0,3.699586
190,362,3.1162043
264,47,3.2607024
228,51,3.3214316
549,125,2.6338382
608,255,3.4142118
458,125,1.850886
328,74,1.7817128
449,47,3.681242
134,31,2.2836874
643,93,2.7251427
196,8,3.5798695
200,31,2.4113202
619,126,2.3612988
527,85,2.850818
628,218,3.4828382
155,68,3.656338
297,52,1.6792852
464,86,2.2473528
36,144,3.7289624
697,74,2.5214853
118,33,3.8518624
644,55,3.596569
529,24,3.45371
671,47,3.2559066
289,125,4.1430464
160,120,2.558797
391,145,3.6346736
171,8,2.6027703
331,64,2.4026008
647,24,2.421731
73,31,2.327981
655,68,2.8227687
106,64,2.847352
257,47,2.3146577
78,64,3.6228094
298,88,2.3322344
627,52,2.2465816
637,57,3.0714288
53,139,3.325941
310,32,2.9072475
571,52,2.390181
451,47,3.3102956
693,145,3.2377987
99,62,3.6253448
278,52,3.0943246
599,26,2.8193278
280,22,2.9983435
298,20,2.2027292
339,10,3.47965
25,337,3.3302245
218,74,3.8033876
411,27,1.7812166
493,68,3.2804348
82,11,2.3921237
74,51,2.2310066
216,34,3.6573715
359,72,3.4104056
37,41,2.25951
139,15,2.4220786
190,105,4.192951
409,64,1.738696
189,13,3.5031576
74,48,4.0483375
75,282,3.3593311
401,22,3.452145
227,33,2.672511
49,276,2.6602087
299,80,2.8155856
408,45,3.8724341
275,47,2.586149
673,51,3.1871967
9,42,3.1702714
177,33,1.6792852
66,80,3.554553
114,21,3.3782182
75,93,2.7053642
562,24,3.4724965
483,80,1.6822805
23,156,2.1996245
209,76,3.7054458
152,0,2.5109878
126,21,3.6352763
318,62,1.6792852
163,10,3.3312635
146,55,3.3820813
359,51,2.6982074
498,45,2.2477307
666,102,2.5781488
231,22,3.0311036
445,21,2.8595033
516,21,2.3249815
154,48,3.3765664
124,80,3.2999067
616,78,3.5086286
673,102,2.3645115
641,31,2.6255455
49,62,2.222272
245,21,3.628369
421,31,3.6360383
58,296,2.7542534
328,24,2.4003432
219,24,3.4711018
74,66,3.638833
51,24,2.186202
611,122,3.3252745
160,60,3.3801913
367,45,2.6385517
524,45,3.5298753
529,64,1.9674102
611,13,2.7757018
241,132,3.0122714
126,37,3.166603
298,68,2.808857
88,69,2.9941075
260,278,2.8374097
189,0,3.9410462
626,60,3.2984629
649,8,3.211956
132,85,3.9056654
580,330,3.6022215
96,47,3.9437556
278,78,3.0659332
135,475,3.4495895
428,0,1.8753748
111,61,2.8004677
447,13,1.6792852
412,76,3.5273952
644,13,3.4474778
493,8,2.3761106
352,190,3.334783
247,32,3.21278
703,102,3.3799868
410,68,2.4595058
600,88,2.9139752
568,32,2.0755558
172,39,3.2971044
121,60,3.2366257
213,32,2.7133913
673,10,2.403789
608,461,1.7232491
89,132,2.6413574
356,46,4.076164
637,362,2.6570067
367,34,3.0391238
573,8,3.036019
292,118,3.374345
287,34,2.2068121
678,68,3.3308125
115,39,3.514102
151,46,3.93224
375,8,1.7183592
637,205,2.7613792
218,45,3.163638
677,264,3.6600409
111,33,2.192576
185,24,1.6792852
366,8,2.0316777
89,69,1.7602587
36,34,3.9102468
274,62,3.805822
126,57,2.6389356
649,23,2.80589
218,23,2.8530478
161,26,2.7155786
180,102,3.3212452
252,20,2.1641524
164,23,2.6204772
391,8,3.8841147
366,145,3.2109542
13,86,3.4461617
199,52,3.040386
444,62,3.1045856
278,80,3.6608305
689,74,2.1418004
208,11,3.7239103
614,47,3.3780808
83,78,2.2757497
512,60,2.6544664
700,24,3.3430662
600,68,1.8665979
703,76,1.6792852
90,11,1.8156273
117,178,1.8320189
532,47,2.9079928
292,9,3.6867142
331,76,3.2653568
241,68,3.4700847
485,0,2.660569
75,184,2.891626
68,14,1.6792852
639,55,1.7711883
528,144,2.0607529
444,31,2.9403481
86,330,2.202901
83,293,3.1813793
121,37,3.8888555
456,31,2.9323893
456,145,1.6792852
646,62,2.4348755
435,144,3.0224738
367,88,2.6981559
235,51,2.1133971
456,8,3.5740004
475,68,3.2845392
483,34,3.7179146
146,286,2.7063098
694,32,3.6500716
78,62,2.3930745
239,8,3.060702
346,52,3.5102558
278,68,3.0704203
345,45,3.1083102
113,80,2.6247659
328,88,2.797151
134,78,4.252458
70,65,2.1555657
280,31,1.8601538
75,415,1.7774111
329,33,3.7099152
37,73,2.2308044
105,85,2.1662462
70,88,2.3896098
680,20,2.523526
106,69,1.987272
667,26,1.721605
48,21,3.49014
132,52,2.9335332
189,74,1.6792852
218,31,3.237987
384,24,3.3565028
42,144,2.3812284
195,120,2.4284725
37,479,3.2302308
475,21,2.4737778
424,20,2.516995
639,86,3.9719543
39,24,2.9344697
146,237,1.9536821
391,34,2.8805635
212,57,3.600779
556,125,3.8237257
391,39,3.6847887
587,34,3.1449559
200,86,1.6792852
458,26,3.98806
67,79,2.712612
227,46,3.6126409
359,45,2.6521034
487,78,2.2876215
683,76,2.1367362
70,145,3.4616613
485,62,2.3567948
499,37,3.6341262
114,8,1.8941712
482,11,3.528757
146,140,3.839189
109,0,2.3408418
394,88,2.393422
37,242,1.7558471
239,45,3.0057175
146,45,3.2266808
610,6,3.8045497
235,6,2.6341586
424,145,2.3449612
518,55,3.3139668
236,20,3.1259403
247,11,3.0970807
89,51,2.5543303
155,102,2.7778835
644,67,2.3430471
381,74,3.6362257
390,61,3.6061335
177,21,4.1941566
115,45,2.632124
526,102,3.2187605
595,79,3.4408822
216,13,3.3905253
236,34,2.3674407
649,60,2.321725
552,74,4.202089
700,80,2.4465597
401,78,3.16077
313,69,2.1452613
255,131,3.5551703
694,33,1.6792852
79,0,2.5123901
648,21,2.281562
669,152,3.35459
435,65,2.7204738
103,0,3.3690157
189,52,2.7831674
647,36,1.7008277
479,8,2.3676043
492,55,2.7107997
130,24,3.147551
95,68,2.4558024
381,0,2.5409844
79,33,3.248477
457,132,2.4191897
353,20,2.3167105
660,86,3.7885494
619,145,3.5608723
277,76,2.4764059
358,52,3.2567472
277,26,1.7390527
701,267,2.430107
44,69,3.0183053
673,34,2.468574
170,11,3.3253205
140,475,4.0736012
159,24,2.4641712
106,46,1.7101499
144,141,2.4026208
420,467,3.4751854
43,214,1.8812633
325,74,3.357132
466,36,2.837462
200,22,2.7244577
518,46,1.9177392
315,0,3.5016384
637,22,3.4477353
366,80,3.5610843
231,66,3.4870963
52,10,2.5220556
643,68,3.2614796
164,132,3.4171152
468,102,3.2939787
637,487,2.0077624
510,69,2.7905965
549,67,2.04728
144,140,3.38721
88,9,2.4750473
493,47,3.0112052
499,51,3.0708494
637,41,2.6989098
242,65,3.9226303
700,20,1.6792852
298,60,2.7103667
245,12,3.6236472
602,45,3.123371
24,55,3.144764
549,33,3.1015313
487,32,3.83
511,100,3.214416
334,68,4.017576
465,10,1.8689128
199,61,3.0665283
81,322,1.6792852
594,65,2.4040892
200,34,3.017335
460,60,3.2348814
593,0,2.5601912
608,57,3.1794152
277,74,3.6837506
521,76,3.0921946
192,70,3.1769924
690,11,3.104165
608,24,2.96318
216,61,3.392171
391,132,2.7601628
614,46,3.4159484
75,11,2.9157648
676,45,3.072628
590,51,2.5086396
447,80,3.4325454
50,45,2.6105518
465,0,3.4363995
219,36,3.356143
504,64,3.1092553
518,42,3.9369917
412,11,3.261581
401,39,3.5966475
160,69,3.2086358
268,51,2.3540685
163,65,1.9500598
540,132,2.3116772
81,394,2.4276438
671,13,2.4843736
75,144,3.6263466
646,68,1.6792852
444,23,3.740543
83,388,2.5112174
51,69,2.272786
308,33,1.6861222
70,78,3.201528
113,93,2.063484
177,68,2.3544402
315,52,3.3435826
526,62,3.5350657
469,33,3.5059557
593,34,2.5159662
521,78,3.7753568
610,88,3.495318
44,10,2.836259
639,11,2.444866
594,291,3.7651944
292,217,3.0365977
83,21,3.5592375
83,47,3.908916
210,33,3.203874
486,47,3.2840242
258,72,1.7573855
540,72,3.6121972
494,47,1.6792852
631,85,3.0671968
427,34,3.5488133
186,6,3.7425675
423,122,3.5737143
146,242,2.363206
374,60,1.6792852
258,64,2.3388412
203,52,2.9454126
451,60,2.885766
668,144,2.2791972
385,74,2.4249568
646,80,2.657047
160,57,2.2286518
287,38,3.532824
99,76,3.0535202
539,45,2.9227936
506,60,2.2259445
425,24,3.444871
552,39,1.9689827
52,21,3.0825915
528,85,3.4091272
503,13,3.5778203
75,42,3.9765196
214,300,2.973987
551,60,3.172923
484,11,2.3690605
462,72,2.389093
533,85,3.1794271
73,102,3.4258323
163,34,2.6918402
170,72,3.9495955
114,0,4.0801177
211,461,2.5743742
329,13,3.4453464
703,26,2.650575
258,55,2.5779352
216,0,3.0938888
289,76,3.0298219
118,557,3.0980787
649,45,3.2962604
524,39,3.4982095
198,80,2.752967
128,102,2.3905015
457,26,3.3121448
549,22,3.4665265
231,144,3.230759
428,125,2.765019
435,8,3.4892569
497,52,3.3031437
28,13,2.614272
562,57,3.3981438
469,0,2.1215103
435,132,3.1534572
99,24,2.9975984
363,69,2.2067354
477,80,2.3103764
612,39,3.1037483
499,24,2.793778
51,88,2.485198
239,330,3.7973375
401,62,3.281458
381,11,2.3577595
104,22,3.8341541
187,487,3.3712974
1,55,2.249225
74,217,3.683374
594,102,3.631023
643,420,2.6947985
75,291,2.8714743
536,6,2.4338431
9,51,2.45667
568,69,1.7209669
427,32,3.595478
593,62,1.8515489
681,26,3.5479207
88,36,3.2810202
146,80,1.6792852
701,8,3.552187
53,456,2.9722662
53,59,2.865738
13,38,3.506113
113,103,3.7619271
447,23,3.9367828
36,8,3.370109
377,8,3.4621131
182,46,3.71668
83,132,3.7875304
43,156,3.789843
333,51,1.6792852
266,308,3.605786
396,42,2.7260542
340,61,2.4401684
277,55,2.524929
83,60,2.543342
479,39,3.5181236
95,33,3.1531372
377,34,2.3176792
376,34,2.9257588
218,61,3.2433867
195,55,2.9481812
610,37,3.243013
325,86,3.3602695
88,60,3.7343755
360,122,3.2928925
462,31,2.630805
590,88,3.1267817
340,21,3.2486305
301,288,3.3944736
247,13,2.9180398
83,61,2.2741208
126,11,2.1608536
44,85,3.5819416
669,41,3.6608639
696,21,2.6861577
106,37,1.7077987
228,52,2.7392135
228,60,3.0583162
444,125,2.3518171
492,0,3.0758386
346,11,3.7182617
276,132,3.3167741
460,46,3.6659145
212,78,3.7134023
694,10,3.6856694
285,74,3.6940842
211,15,1.6792852
457,78,2.333647
699,39,2.8540826
89,122,2.5797715
317,47,3.463809
627,34,2.7880747
529,47,3.297733
130,47,2.007666
52,52,2.910061
360,76,3.632216
78,65,2.2406504
328,61,1.6792852
231,412,3.2475543
53,404,4.166689
447,22,3.265762
9,145,3.7914338
238,80,3.6211977
543,33,3.9237561
420,46,3.0801024
268,475,2.079751
90,42,2.8736124
192,64,1.6792852
208,65,3.1678755
153,55,3.3825555
426,69,3.1076832
43,139,3.4885678
391,24,3.7210646
667,47,2.1795168
173,39,3.5471907
248,76,1.9472008
532,189,3.0894976
33,46,1.6792852
652,0,3.819573
529,0,2.6821616
66,102,1.7677177
437,122,2.5410364
170,45,4.1899123
171,68,2.3893259
123,62,1.6792852
228,132,2.3646255
376,39,2.41278
588,37,1.8090782
302,102,3.2236748
680,102,3.5990846
113,13,2.660818
499,31,3.2320263
562,11,2.6111495
394,85,2.9017138
420,255,3.3322284
252,23,3.634331
88,455,2.7447863
25,45,2.4071207
673,60,2.730472
518,88,2.8235488
180,31,2.5517697
377,80,1.9197159
96,13,3.269655
660,69,3.4911456
610,55,3.1687121
409,34,3.0836468
218,0,3.0328846
329,32,3.4281638
599,6,1.6792852
699,22,2.7049594
367,0,3.6084185
81,102,1.7947633
432,80,1.6986337
503,24,3.4520621
432,45,2.5573487
5,24,2.6264017
398,62,2.1010313
242,6,3.0626974
468,24,3.3224325
336,31,2.4674387
428,47,2.098586
550,24,3.001901
268,52,3.6245975
674,31,3.6022477
542,88,3.592451
86,78,3.0325687
551,65,3.1785321
445,80,2.7126737
284,47,3.042478
528,32,3.177464
695,45,3.2556858
114,42,2.8466964
328,42,3.1283922
83,157,3.017673
78,36,1.9267042
700,23,3.8433347
621,51,2.9732985
193,600,2.9163036
425,76,3.2762918
343,78,2.312173
472,55,1.6792852
356,22,1.6792852
40,308,3.194967
568,120,2.329745
84,45,3.1588495
89,86,3.007721
348,68,3.4842043
84,32,4.059322
216,52,3.0833435
280,55,1.7498367
58,31,2.607914
695,8,4.1692376
164,67,3.7484813
31,33,3.139429
510,42,3.835073
36,32,2.4991894
524,301,3.2063856
119,46,3.7855353
106,57,1.7108374
57,32,1.7769147
175,78,4.194273
362,58,2.0257785
227,10,2.9696848
48,74,3.7021246
598,26,2.6237147
298,31,3.88479
255,256,2.9661841
241,85,1.6796879
693,55,3.480266
53,184,1.9142342
42,85,2.0813637
213,11,2.3753064
174,125,3.256703
53,397,3.607797
474,68,3.3312757
266,182,2.4977236
297,76,3.2487226
341,93,2.2645028
277,24,3.0128124
365,47,3.4561372
316,57,2.601846
80,51,2.6516442
468,34,3.6067228
96,0,1.9391558
619,66,3.5976276
53,253,2.2920585
76,317,2.5398657
588,55,1.7211548
549,24,3.573019
243,31,3.3678122
550,60,1.6792852
213,72,3.3310094
134,34,3.4948425
312,34,1.7573897
38,385,1.6792852
74,37,2.5201795
641,11,3.0073283
103,159,2.4695551
196,0,2.2177358
252,21,1.6792852
647,140,2.1493008
292,282,3.0140257
473,60,2.9501252
87,80,3.7393603
298,55,3.0708892
216,11,3.4367154
644,23,3.2031784
259,58,3.2553396
300,60,3.1853082
669,79,2.9959202
619,74,3.1137447
245,119,2.5387826
41,8,2.588
104,24,3.3134875
477,22,3.1189594
268,627,3.8144526
338,21,3.115003
655,13,2.5735917
614,34,2.6555676
331,102,3.3311172
550,76,2.5520449
580,11,2.8482409
52,64,2.4362564
479,61,2.941524
649,144,2.8753114
179,60,2.6904268
127,11,3.0536456
557,46,2.7638073
582,71,3.2966266
348,47,2.0843983
447,122,3.3014026
6,0,2.9457161
256,282,2.789395
321,525,3.0739696
367,85,1.6915116
43,412,2.3713927
53,222,4.2527575
626,79,3.3206248
53,1,3.4246593
483,31,2.534225
49,102,3.0123343
621,72,1.9658414
533,51,3.9960089
81,255,2.4820762
454,26,1.6792852
343,120,1.9772251
570,62,2.693121
49,42,2.6356964
292,385,1.6792852
359,10,3.233687
486,64,2.532845
174,45,3.334423
347,130,1.8133861
381,45,3.0401278
375,78,2.2273846
648,144,3.549219
464,132,3.287053
432,144,3.4753122
643,60,3.499076
360,33,3.3365254
53,626,3.3571754
476,55,3.5440607
160,68,3.1446505
132,13,3.145183
259,33,2.54615
632,46,2.2922456
680,10,3.6890345
25,26,2.6012278
242,39,2.794932
70,33,3.4918604
622,20,2.699028
213,39,3.3716464
163,55,3.3664346
289,64,3.3296757
689,34,3.4697065
619,282,1.7351941
540,24,3.360117
107,62,3.147097
676,52,2.436633
631,34,3.3932695
423,37,2.425297
356,122,2.11765
69,48,3.1721277
310,60,3.3336563
54,42,3.256065
193,131,3.1422586
622,47,3.2446232
161,52,1.8815565
498,32,2.3756862
83,22,2.9326172
24,47,2.7741513
374,33,3.1845226
113,51,2.9301095
73,46,1.6792852
626,150,2.3589306
622,80,2.4713237
669,85,3.261457
610,122,3.412572
193,433,2.1002812
171,45,3.2101693
298,57,1.6918294
640,103,3.563541
360,10,2.5452788
147,565,3.4744987
487,64,2.5851169
430,78,3.1570783
74,426,1.6792852
396,64,2.3516357
473,0,2.8581462
346,102,2.6497183
515,45,1.7734113
423,88,2.1163344
384,21,3.7347546
247,33,2.7653234
93,88,2.816565
41,52,2.3202662
146,79,3.4262462
422,65,3.893464
49,380,4.055169
493,74,3.6703038
109,120,2.7133648
77,145,2.719778
216,20,2.2167304
173,78,3.2539167
252,80,1.8641703
139,525,3.0283456
471,62,2.693829
255,50,2.1508653
321,47,3.6405816
425,32,2.2891238
74,90,3.4146354
70,39,1.7930886
338,42,2.7043629
612,125,2.7073326
479,26,3.27485
515,122,3.176227
385,6,2.5639596
536,42,3.930828
186,57,3.6725879
460,32,3.047423
616,144,3.3692894
527,0,2.597957
173,34,1.6792852
151,64,3.7977386
449,76,2.4666579
563,8,2.7201073
477,62,3.0126278
365,8,2.3177102
192,151,3.3239183
457,31,4.345142
106,76,3.9301543
31,85,1.6792852
123,46,1.6792852
36,61,4.03525
121,24,2.5732615
316,46,2.1293473
318,34,1.9282973
694,24,3.2610288
401,60,1.7438703
171,67,1.6827636
612,0,2.8477445
182,120,1.8349222
88,321,1.9504387
458,64,2.7846704
343,52,2.636273
235,72,3.6750388
671,80,2.9652138
253,24,2.9915032
81,7,1.7651972
518,52,2.2472577
139,0,2.5912056
146,152,2.1521885
174,31,3.390316
262,540,2.117004
385,55,4.2006254
557,52,3.1459544
437,325,2.9795556
456,125,3.5405083
337,51,2.3189087
151,42,2.3955035
673,52,4.0859494
190,426,3.4109216
608,8,3.6988215
196,88,3.490798
588,46,4.2009254
25,140,4.1250687
666,62,3.34401
560,564,1.9481266
412,80,2.8913074
374,69,3.175981
549,120,3.2525225
701,132,3.0508418
224,24,2.8915124
21,85,3.4594402
146,254,3.8539052
699,45,3.8300982
160,11,3.5996494
540,26,3.9354987
593,45,2.6259165
131,24,3.0477376
668,47,2.0812685
125,24,3.2725015
458,22,2.3987882
437,26,3.769339
292,199,3.169004
590,78,3.7259192
218,42,3.0964417
301,74,3.4606295
651,62,3.3028417
664,52,2.7898743
466,34,1.6792852
37,5,3.6549187
492,45,3.3499732
377,102,2.7747993
188,0,3.3109927
233,62,2.6918273
632,61,3.08922
172,130,3.5043125
336,74,3.3960886
126,26,3.6573071
175,8,3.4471214
43,370,1.6792852
363,10,2.7331648
88,375,3.196399
139,42,1.9419059
276,122,2.7090235
8,8,1.6792852
144,24,2.4339209
502,71,2.6587596
134,46,2.7474098
213,33,3.1055803
205,122,3.758357
312,255,3.2598157
610,68,3.7293997
587,62,3.842852
642,55,2.6791332
593,74,3.676333
338,102,3.5690026
187,32,2.2525406
648,62,3.5316296
463,86,3.2769012
583,102,2.5987515
628,62,3.0921125
331,144,2.9590726
78,57,1.8797857
247,47,2.3565621
37,303,2.3005648
252,86,3.0052261
348,26,3.491691
99,47,3.6102757
699,76,3.4252644
401,85,2.624367
88,30,2.9666467
198,46,3.9632406
259,6,3.5182073
196,23,2.5776088
241,51,2.299634
468,31,3.0036502
44,60,3.9380407
103,24,2.299352
552,47,2.5508356
210,257,3.4266357
346,39,3.673921
543,45,3.8174753
52,42,3.060223
204,120,2.8783636
57,428,2.7123604
172,79,3.305187
300,42,3.5446117
172,328,2.6496267
34,144,2.4950461
431,6,1.6792852
163,60,3.0427852
503,58,3.5650582
628,10,3.4526458
106,51,3.6449726
259,46,1.9393541
639,102,2.988245
644,61,3.6392813
583,32,3.9215631
288,45,3.6439257
325,51,3.0011458
180,80,2.7645025
637,190,2.901276
242,42,3.7085972
596,0,3.2082915
28,52,2.3843966
88,358,2.8844786
241,122,2.4162254
476,31,1.6832672
135,47,2.2516398
256,277,1.8813603
36,120,2.0299904
337,8,1.8696622
81,60,3.4126353
622,125,3.7293649
132,23,2.65413
157,62,2.3750277
258,145,3.1573634
674,33,3.4377542
550,45,4.0069003
533,45,3.2538147
51,144,2.224938
689,24,3.949449
524,74,1.9520905
423,102,1.848482
447,60,3.9171033
379,68,2.6027584
649,85,1.9675045
356,0,3.067429
262,648,1.6792852
54,60,3.239453
89,0,3.3277283
593,120,2.5414772
600,24,3.0778239
628,143,2.6521878
600,11,3.0647526
677,24,2.2278767
227,13,3.056393
426,88,1.8741846
484,26,3.655004
198,13,3.3017726
170,61,1.6792852
367,11,1.8071091
678,39,2.884384
200,61,3.300502
139,8,1.8497602
163,37,3.1848624
276,47,3.0583072
584,45,2.5677576
106,8,3.3776093
153,137,3.1137137
51,23,2.9182115
364,85,3.3480263
278,0,3.4270828
429,36,3.361642
549,132,3.5601907
428,78,2.8822932
317,80,2.1103835
199,88,1.6792852
340,45,3.6838589
359,31,3.1812549
359,74,2.773952
410,144,1.6960735
109,74,3.3908155
340,34,1.6792852
193,207,3.2476654
694,144,2.3741539
585,13,2.5002754
262,196,3.0633135
89,20,3.8654413
29,313,3.297707
299,65,3.3528657
315,216,3.3147895
435,47,2.5985339
287,47,3.3011408
626,64,3.499229
644,85,3.4163723
51,26,3.1737094
163,20,3.451036
487,33,3.6381862
29,412,3.9552193
10,0,3.2780058
549,46,3.1072035
157,24,3.9031453
132,60,2.0878203
47,394,2.6291785
528,72,4.049888
39,31,2.102197
13,502,3.6204734
610,10,4.281415
374,88,3.3209124
231,86,1.7764579
189,32,3.7186804
57,307,3.7781124
81,407,2.7210503
298,39,3.3456855
139,13,2.9282646
401,58,3.1418247
199,45,3.5062556
673,20,3.2594833
84,52,3.0459893
75,24,2.975367
193,330,4.011565
637,39,2.1838765
454,78,2.5076966
425,45,2.3927119
552,21,2.29627
554,643,3.440733
524,226,2.9615755
88,156,3.8769608
398,86,2.8328574
529,60,2.440529
217,337,2.5510473
365,678,3.0011892
602,21,1.9447069
365,37,1.994696
268,6,3.0709438
93,11,2.3585038
82,78,1.6792852
612,120,3.7837029
588,45,2.5525665
173,65,4.086024
60,45,3.5077884
632,10,3.5899541
251,45,2.6923943
122,55,3.0111055
289,67,3.137624
42,69,3.1676526
43,255,3.6442015
193,391,2.6347733
374,24,2.367055
427,45,3.287729
209,47,3.5804305
199,125,2.9839
260,324,3.023847
75,151,2.4404325
105,78,3.1981578
377,20,2.9414427
204,32,3.376624
82,74,2.7485633
528,80,2.0486052
546,140,1.876481
229,24,2.8406754
642,11,2.621117
350,11,3.8032107
193,368,2.1983228
518,33,3.2021132
695,69,2.0642471
338,13,3.2785354
405,627,3.5629706
200,8,2.8172107
235,32,2.6134071
525,88,3.3873653
681,64,3.4636114
53,635,2.6342144
44,13,3.3469095
146,663,2.7785807
401,86,3.1593375
637,317,2.8434815
587,45,2.9873648
338,37,1.8717425
696,74,3.2294154
146,483,1.680708
483,132,2.231678
480,55,1.8150529
186,31,3.541501
583,31,1.9694717
695,46,3.6366637
255,21,3.3744822
454,6,3.3089795
160,13,2.9022794
21,62,1.6792852
381,10,2.9958286
526,45,3.138318
132,86,3.5107446
359,11,4.1021914
533,60,2.7527761
534,6,2.5835872
134,385,3.3672714
257,88,3.4571438
205,62,3.1220264
644,57,2.0756583
258,11,3.480234
364,60,3.50378
600,55,3.5273871
549,23,1.9397771
75,46,2.7843466
151,48,2.870284
375,20,2.1039848
12,34,1.754346
134,74,1.6792852
655,8,2.5366817
637,19,2.5279682
391,76,2.7018964
88,482,3.488308
281,26,2.54211
394,52,1.8431857
424,61,4.0248933
224,271,1.9541765
459,26,3.459054
227,64,4.0603824
187,24,1.6792852
512,144,3.1328359
563,0,2.5324197
341,7,2.0493827
255,13,3.0913715
526,76,2.9791746
615,46,2.4711182
518,45,1.9117513
285,31,3.3314896
78,120,3.7996836
93,42,2.4528544
490,124,3.8544374
43,398,3.217348
643,622,2.8564138
425,145,3.2906199
606,11,2.3512511
37,727,2.8341904
170,10,3.3750973
146,370,3.3034687
316,13,3.2560692
499,42,3.8381844
622,6,3.1690135
160,47,4.0844765
352,24,3.8617501
161,42,2.790288
363,80,3.114078
447,42,3.3118305
637,67,2.824751
193,303,3.456448
160,46,1.7143576
42,6,3.5576134
463,8,2.38721
53,482,3.7025132
80,57,2.8838778
444,55,2.6742048
252,65,4.3263464
519,47,2.7282248
472,6,3.0966258
516,85,2.7116683
163,24,1.9443786
382,37,1.6792852
341,13,3.0649116
606,45,1.9933226
381,51,3.5910327
614,0,3.3815193
375,26,2.3282251
54,93,2.1382968
459,16,2.9132357
401,69,1.6792852
218,78,3.307432
600,125,2.6917186
276,26,2.7223334
421,62,3.69109
239,62,2.919114
458,60,3.282966
366,64,3.5646036
329,21,3.739759
9,328,3.279108
340,8,3.77209
498,46,2.2255838
30,74,2.3598356
542,55,1.9226365
135,32,3.31146
247,46,1.86766
359,37,3.7703438
383,24,3.154656
343,85,1.7265704
631,76,3.1994743
650,78,2.5426748
636,26,3.4055264
38,217,3.054552
385,102,2.5028398
444,102,3.3545656
21,86,4.031219
80,80,3.008937
648,69,2.6102657
200,69,2.557422
528,55,1.875826
53,271,2.8197553
373,10,3.8060226
25,42,2.3790498
339,145,3.767397
230,80,1.9962933
235,46,2.4985516
542,47,2.0261421
139,737,4.120349
669,241,2.719612
525,22,2.5724487
474,226,3.1945868
47,305,2.562153
701,45,3.9529176
487,67,2.4465523
360,85,3.6545227
426,144,3.2790842
703,6,2.8829942
161,68,2.6265545
699,80,3.3265948
699,47,3.4925306
262,381,2.7682996
213,78,3.5553098
628,374,3.0441456
700,10,3.3716583
542,8,4.4111514
182,26,2.3990893
91,33,3.4960768
321,121,3.9081073
163,47,2.6766276
480,31,3.4189572
88,141,2.817529
527,55,3.7705746
489,74,3.1028535
113,24,3.3074021
78,132,3.2146063
410,55,3.241823
388,328,3.0941725
419,32,3.5153222
477,120,3.4826155
227,125,3.2791634
612,58,2.6602032
225,468,2.826646
570,52,3.8143759
53,121,3.5892887
518,120,3.335401
462,45,3.6178918
568,58,3.9335856
25,22,3.3038816
79,145,2.1966052
463,55,3.2678585
316,24,2.4041047
161,0,3.609538
553,31,3.3340235
74,64,1.9926213
637,230,3.249559
93,23,2.410572
464,125,3.4235985
171,78,2.539419
50,10,3.3372588
632,55,2.2669477
283,468,3.6978135
335,13,3.7419276
608,55,3.7078867
74,654,2.6412745
479,10,3.3766587
354,62,3.815908
295,80,3.0628114
699,67,3.0016613
544,51,1.6792852
24,52,3.4744687
511,62,2.8987284
106,13,3.3633468
464,13,2.3533013
384,46,3.5383968
110,68,2.988646
184,55,2.8186092
277,33,2.773719
272,62,1.895777
241,39,2.6214128
338,22,1.718813
1,24,2.8814278
328,76,3.4312282
504,6,2.277915
468,52,1.7647709
43,73,3.5640197
666,47,3.5653348
274,18,1.7217289
245,32,2.877399
363,34,2.6761994
106,144,2.5759559
5,33,3.3235707
639,22,3.346363
410,11,3.724464
680,6,3.2180688
234,10,1.8801652
365,33,2.3090754
277,85,3.3388357
225,195,3.2970219
701,39,3.5667377
266,49,3.716597
421,102,3.281716
681,125,2.1786218
73,74,1.7516148
622,55,3.2367806
462,125,3.2207036
148,706,3.4451618
33,47,3.550781
132,37,2.6212218
350,24,3.0145087
258,6,3.8139577
484,37,3.238028
303,56,3.284011
430,189,1.7420733
196,60,2.3290102
464,61,3.4832525
646,24,3.581694
48,33,3.5690546
394,47,3.7911768
667,102,2.2190566
694,145,2.5681725
462,144,3.2981966
39,52,3.2575116
430,122,2.4114914
600,21,3.3463647
666,120,3.5676951
95,102,3.5133753
575,7,4.1594877
497,55,4.1959715
117,45,1.6792852
316,102,3.196321
463,24,2.2486167
193,468,1.6792852
650,102,2.547506
542,145,3.1670547
469,76,2.9010596
58,719,3.2738702
343,69,2.7587173
637,564,2.372073
316,74,2.7525573
356,69,3.1971931
90,34,2.4710622
172,299,3.384105
51,62,3.7849822
90,68,2.4365764
199,69,1.9062498
77,51,3.6640077
701,60,3.2240472
29,581,2.1409352
482,125,3.505732
325,57,2.7114453
646,60,2.547613
146,16,2.2724771
231,385,3.2078538
211,255,3.399839
520,52,3.495016
262,256,3.525146
456,80,2.3027978
636,24,4.1007
435,10,3.7539263
364,69,2.0359674
524,199,3.3901892
367,32,3.0583987
139,548,2.9495544
356,125,2.457387
363,88,2.9884365
562,0,3.2173166
454,8,3.3228745
118,145,1.6792852
482,68,1.6889979
573,47,2.4726653
689,62,3.3383493
459,138,3.5551405
529,125,2.521884
126,51,3.441544
109,33,4.042314
190,80,3.8793678
579,23,2.0063066
626,34,3.508821
198,33,1.6792852
325,88,3.2556615
78,72,3.0875869
655,102,3.7135735
321,300,3.3035083
462,34,3.2246647
88,87,3.2134967
292,221,2.5337124
256,33,2.6321993
385,34,3.1681376
242,47,2.9727364
700,22,3.420999
527,47,3.2786686
459,575,2.0509622
427,55,3.754324
79,68,2.5083656
482,24,2.9263368
459,55,2.9409585
646,67,1.9947301
353,78,3.5205493
79,55,2.5710065
362,8,1.792182
268,222,1.9889766
87,10,3.9867635
694,72,2.6748881
147,402,1.6792852
275,80,3.5144892
32,0,2.4372647
692,0,2.8101244
146,311,3.578878
444,11,3.1014771
535,51,2.4394417
447,34,2.1886995
600,39,2.3187938
268,46,2.5673742
628,396,2.9940019
394,55,2.4968812
297,22,2.4817905
347,32,2.568129
454,57,3.1513157
309,233,2.282588
227,52,3.5936148
258,23,4.108517
190,282,2.6208422
325,64,2.5868504
301,31,2.7144573
342,45,3.2586055
543,74,1.6792852
456,51,1.6792852
35,395,2.0552073
593,32,3.168436
637,144,3.3481913
36,80,3.1933599
525,144,2.985159
515,0,3.3724701
53,424,2.9216986
592,6,3.7855186
198,132,2.4652085
140,727,2.725688
500,52,1.8612131
628,547,2.2521405
88,15,2.6547995
631,6,2.4677954
468,74,1.6792852
276,80,3.5928326
621,21,3.255752
388,8,1.972381
274,565,1.9820542
650,68,3.1672573
637,714,3.207202
219,26,2.1796007
44,65,2.4761825
644,42,2.0743632
292,42,3.3000212
161,62,2.3733778
193,785,3.3642244
235,55,2.807805
70,60,2.770105
380,55,2.454111
231,45,3.431685
626,433,3.461948
703,86,2.4361777
38,40,1.6792852
424,102,2.7175765
581,290,2.6161747
666,6,1.6792852
646,52,2.9637117
356,62,3.3092456
669,190,1.68134
24,5,3.2710433
487,24,3.8590288
549,74,3.404222
274,787,3.7050529
268,175,1.7537807
494,0,1.9356482
568,85,2.4450846
289,65,3.085258
700,46,2.7679753
172,590,2.5683188
235,144,3.2904773
607,0,3.5786552
361,614,2.5724785
340,69,3.9336205
199,64,2.0733063
148,546,3.5960078
38,705,2.832521
626,37,1.7353262
32,26,1.6792852
54,58,2.93219
92,0,3.066591
163,11,2.4433174
161,72,3.3702626
77,78,3.4296193
562,26,3.8992395
359,55,2.991736
255,488,1.9592805
130,52,3.8234143
272,0,2.4991083
540,69,3.1857433
378,76,3.7136445
241,31,4.199537
37,385,3.5300083
298,69,4.203733
643,126,2.3449001
190,785,2.2433672
696,20,1.9416525
401,46,2.9562922
257,74,3.373304
88,252,3.1995542
93,24,1.9414052
625,14,2.0414443
109,144,3.484397
49,57,3.1600862
24,286,3.738953
573,102,3.8731422
182,45,3.4639292
200,62,3.2176375
450,47,3.2824724
44,80,3.5750222
79,78,1.8841342
435,88,2.6570625
575,488,2.4789343
644,76,2.2312696
391,57,3.5771437
404,33,3.2520342
220,52,3.9819746
109,69,3.0454035
81,68,2.053129
258,144,2.0476606
292,38,1.7537591
652,76,1.6792852
231,720,2.7543068
6,13,3.6755023
75,85,3.1989548
367,78,2.605958
107,24,3.3636863
451,24,3.7959213
353,144,2.9886618
637,93,3.5470972
196,11,3.1275063
125,540,3.416809
703,88,2.462358
199,86,2.2622342
633,47,3.612282
689,46,3.3614771
367,23,3.8255062
286,11,3.1424286
392,24,2.338126
334,144,2.9218426
9,39,3.6990228
499,80,1.7179728
643,377,2.4910107
227,37,3.9209776
447,6,2.3180919
88,140,2.6605597
123,55,2.481204
132,68,3.4021897
494,45,2.354072
339,132,3.1823235
611,11,3.1552286
12,78,1.8410769
256,16,3.7206755
90,748,2.8496141
410,80,3.3219452
295,47,3.7637506
374,39,2.951653
180,52,3.0342574
135,462,2.1011806
193,80,3.1838694
316,31,3.930625
296,74,2.153442
211,124,3.1814795
72,447,3.3052044
666,24,2.7231352
243,45,3.4553065
132,64,3.3133607
193,249,3.6433067
626,57,3.2656837
115,13,2.634981
9,33,3.6306152
135,10,1.9401466
552,8,3.2279239
331,22,2.486749
89,58,3.5103683
197,0,2.8412156
379,46,3.4154043
556,34,4.0120754
223,11,3.0590663
608,0,1.6792852
76,267,2.6552968
274,11,3.4003494
479,69,2.3171291
42,120,2.6870728
426,21,3.6808586
48,52,3.5943127
146,223,3.1944067
608,78,3.9657297
190,140,2.3182745
77,34,3.2578516
364,80,1.6902672
199,13,1.9558856
48,8,3.2814155
426,42,2.8281102
262,13,1.6931608
336,24,3.5291176
353,39,3.835091
88,544,3.1473885
483,47,3.3272526
456,65,3.2382236
51,55,3.3273811
676,47,3.556971
231,0,3.5660372
340,776,3.4669566
546,0,3.536286
328,68,3.1212068
703,33,3.6386557
642,45,3.2302856
249,47,3.7267232
177,48,2.8568733
485,80,1.8562725
382,45,2.6488044
252,52,2.5467618
586,80,2.6598673
48,37,2.3026469
598,93,2.967575
600,47,3.7242403
610,69,1.9385991
376,47,1.813957
583,0,4.130247
37,612,3.1929283
637,76,1.6792852
53,103,1.8622301
614,37,1.9474909
571,55,3.0659676
456,39,2.1071017
148,617,3.7453513
533,76,3.5531678
428,34,1.9399533
500,47,1.6792852
146,713,3.0979693
228,32,1.9731268
374,72,3.904532
646,8,2.6923823
680,33,3.050527
425,144,4.082556
105,80,3.8608308
360,8,2.9724555
492,62,2.3638153
696,42,3.2987661
157,519,2.856659
258,102,3.0900497
38,447,2.838992
180,76,1.8843433
98,45,2.8178077
600,34,3.159558
424,57,3.5824628
391,78,3.8683372
610,21,3.0905733
245,31,3.2562027
437,24,3.5066085
350,140,2.1282563
181,33,3.5795474
91,122,3.1124945
619,63,2.3315344
356,11,3.547092
143,42,3.3279963
235,78,4.014755
300,69,3.4064655
170,26,1.8735
289,145,1.7583646
292,156,2.4591005
284,52,3.0321167
568,102,3.0569081
53,50,3.2831883
57,816,2.7123604
276,72,3.262218
119,31,2.4326222
422,80,2.6224453
161,47,2.8099585
315,118,3.5860152
161,144,2.9746337
193,703,2.8108563
32,47,3.1236975
300,61,3.365698
283,45,1.6792852
637,11,3.0927992
701,65,2.8352666
109,145,3.5312667
671,0,2.819024
88,0,3.0069327
546,6,3.569468
44,131,4.05013
88,317,2.8157434
611,80,2.5960088
227,26,2.1039646
587,145,3.5048642
292,144,3.2848973
621,13,2.7465792
356,144,3.6029549
625,32,3.232051
174,122,3.3789015
280,60,2.2076273
379,26,2.963019
700,76,2.4072533
46,39,3.2390761
227,42,2.5517125
172,602,3.5212317
78,68,2.1101766
106,33,1.9555678
647,76,3.3467393
247,45,2.2844844
364,145,1.6792852
151,15,3.2139006
93,32,3.7057953
225,412,3.0652504
521,0,1.930604
100,65,2.2832942
579,86,1.7335904
75,67,4.3129425
390,31,3.2935333
274,649,3.6427832
435,64,4.361106
599,24,2.7493536
75,252,2.8839977
376,10,2.7959337
231,92,3.2778
210,635,3.0062842
172,36,1.7001654
503,57,1.9354811
200,57,3.1114755
428,32,2.8529105
189,80,1.8924633
266,141,1.6958083
259,408,2.7003684
217,480,2.7813509
435,102,3.7466803
490,60,2.1914759
274,406,2.608528
515,46,3.5856714
84,102,3.8308668
440,52,2.3874388
411,454,3.5152416
598,45,3.8694067
639,69,3.598032
42,51,2.8216014
321,141,2.7357512
384,144,3.274344
43,673,2.443416
586,55,3.8025322
217,407,3.7462072
695,13,3.7117162
190,673,3.2358046
626,122,4.2457323
485,68,3.3999925
570,330,3.8997927
393,78,3.9945188
171,122,2.5196896
242,51,1.9352288
70,37,2.4085898
27,31,2.1144376
460,78,2.144152
317,26,2.2923136
312,198,3.3049364
276,69,1.6792852
449,52,3.5007505
60,47,2.65503
631,122,2.7474666
225,36,3.0086017
587,13,3.6805058
360,11,3.567534
190,688,4.0743637
190,121,3.1749344
681,52,3.8256512
283,47,2.5505733
153,564,1.7267783
518,22,2.91717
105,26,2.721674
161,45,3.1912847
445,61,3.5008416
377,120,2.5793657
552,65,3.270404
390,102,3.371726
212,47,1.8345033
696,85,3.1659894
88,635,3.5777016
533,58,2.7259893
374,10,1.9520333
170,85,3.3201842
347,183,1.9073297
221,21,4.026627
625,125,2.2752473
88,267,3.8957958
41,74,3.708126
160,65,3.11606
190,402,2.9394841
411,45,3.4732833
415,45,3.01883
245,605,2.740893
401,33,3.1637473
13,410,3.6376169
603,80,2.865508
173,85,3.720273
552,34,2.7217207
160,0,3.9107175
435,145,2.7761538
471,122,3.278615
111,24,3.1656785
193,675,1.6792852
78,61,3.4322662
533,6,3.0655255
586,88,3.2701066
249,42,3.7266827
131,11,2.8602242
680,13,2.8403282
512,76,2.0514796
151,88,2.9948807
278,13,2.82794
694,20,1.9436355
276,85,3.331069
628,658,1.8437198
588,31,3.2859864
529,11,2.8491557
196,72,3.683012
153,702,2.7412887
360,145,3.4757445
37,652,3.6753893
276,39,3.038031
577,34,2.6570044
286,45,3.2380862
257,62,3.001295
10,45,3.6950474
204,145,3.0592437
680,34,3.3502665
637,121,3.6048222
542,85,3.4528737
335,102,3.5528426
328,122,2.7802176
268,66,4.139
211,100,2.9126284
296,10,4.0380154
41,46,3.185629
10,76,3.6367662
195,6,3.65607
74,115,2.6913931
610,52,2.8846836
655,21,3.4980576
619,727,2.8339272
71,45,3.4890313
600,132,3.7458892
388,24,3.5782795
649,69,3.146237
527,11,2.5882514
485,52,3.2582157
374,46,1.6795324
109,88,3.0094075
459,8,2.913372
622,52,2.4010727
178,24,3.3422513
43,612,2.8278513
681,68,3.9948015
622,21,1.6953759
26,31,3.1179605
200,65,3.3658714
611,46,3.51236
54,0,1.7911069
76,226,2.10609
612,72,3.0080576
12,80,3.1494074
296,55,2.1301873
504,0,3.4876626
189,145,3.3504848
515,47,2.1751747
526,65,4.1724515
74,28,2.4852633
522,145,3.7748985
98,145,3.333251
554,338,3.8238888
235,145,3.8004498
140,286,2.8898664
147,276,1.6792852
458,78,3.261888
649,64,2.5450845
9,362,3.352234
384,55,3.6458306
75,426,3.911582
580,283,3.3012166
52,24,2.0899575
259,0,2.9015641
192,74,3.1801505
321,93,2.7924237
666,80,2.137191
276,20,3.2058306
430,52,3.0158587
292,279,3.3844497
430,24,3.5992353
649,122,2.479002
521,64,3.8645658
562,33,1.7520218
300,434,3.0551372
236,74,3.7778769
74,382,3.1021893
35,45,3.0069146
377,10,3.5086057
622,11,3.069941
509,11,2.628092
51,85,3.5745425
335,85,3.6685877
465,11,1.9874854
127,45,3.5760818
43,102,2.5237365
297,60,3.2105923
512,62,3.161827
698,55,3.010243
668,31,2.339693
12,62,1.9424336
25,214,3.402966
298,52,1.8103019
360,23,3.5179644
463,0,3.9017944
238,55,2.6640368
468,0,2.6742864
343,74,2.9914565
23,328,3.6729848
283,0,4.2448297
256,45,3.008325
78,37,2.730442
113,47,2.6345334
146,262,2.6045558
135,42,3.5914488
511,13,2.3417542
665,55,3.2285142
394,74,3.6590462
649,58,3.1701453
417,68,3.3817072
457,20,3.89214
180,88,1.9235744
681,90,3.205196
350,350,3.2784424
492,76,3.5153623
424,72,3.440596
213,24,3.0073113
409,78,3.7221274
445,0,2.8176565
76,232,2.659978
359,144,2.4237561
619,122,2.436052
701,64,3.7450008
402,51,1.6792852
347,102,3.3636465
231,56,2.2945778
643,589,2.1784778
308,145,2.4028192
305,62,4.097169
418,26,3.2976828
249,76,3.4439602
518,8,2.7140808
53,454,3.217874
80,0,3.5848196
90,39,2.9766397
321,291,2.1711519
475,61,3.016446
261,317,3.3927631
121,62,3.8903513
689,64,3.6919236
643,31,3.1705608
516,26,3.6332107
43,737,3.18815
401,37,3.6226263
423,11,3.4250014
518,122,3.0988202
225,0,1.6792852
75,79,3.3650293
122,74,3.5093527
518,47,3.295723
1,13,3.7665129
164,65,2.7705278
459,37,2.6362553
612,102,1.6792852
298,10,1.9391093
92,8,3.446216
179,31,2.7332435
459,444,3.6433187
297,86,3.658771
53,69,2.4082391
77,45,3.3370187
460,76,2.4636722
181,34,2.733634
170,24,3.1860213
590,31,2.62227
532,51,3.4093428
463,47,3.2970796
331,58,3.9920702
213,69,3.554723
300,45,3.2666705
486,39,3.1366057
249,45,3.567646
60,68,3.5848644
464,39,1.9018102
637,425,2.2723253
666,69,3.141561
146,600,2.6715345
673,64,3.5689692
646,86,2.292915
75,122,3.8139782
292,600,3.3718276
199,6,3.1658258
589,74,2.325169
660,0,3.5656695
459,684,3.994975
652,74,3.3339496
104,21,1.6792852
87,60,3.9643993
226,6,2.3334532
377,145,2.4331741
164,55,3.3417149
696,39,2.7748165
280,300,1.6792852
104,46,3.7495656
436,62,3.190587
614,74,3.319202
511,8,2.2800446
568,23,2.5484252
508,524,3.7672105
425,751,3.459928
527,68,3.2845397
225,678,4.203993
44,0,3.302041
366,6,1.9966244
83,15,4.1021147
546,145,3.0012116
143,386,3.462277
621,102,2.3922002
36,33,3.0502605
197,24,3.2766514
170,57,3.5058932
275,32,3.2042644
432,23,3.8172784
622,88,2.7596326
619,317,2.9564462
52,33,2.6994634
231,787,4.048091
620,795,2.7316947
63,184,3.0488534
119,21,2.6432538
635,24,3.2279634
459,45,2.525372
343,144,1.6792852
72,404,3.237325
577,62,2.858211
528,31,3.9989862
241,60,2.9711947
92,42,3.7415648
292,69,2.975398
703,57,3.1666934
77,52,3.3751302
366,61,2.4830208
75,226,2.6641793
619,46,3.160274
283,232,3.87253
266,286,3.2541
643,485,3.5938
236,33,2.0207393
695,32,2.3401914
195,11,3.5507493
506,80,3.1179771
262,11,1.9007714
666,88,3.2256823
645,145,3.6354403
83,71,3.1720295
118,47,1.685705
177,187,1.6792852
625,747,3.309279
340,65,3.0972114
696,6,3.3742383
82,51,2.5923524
172,686,3.224421
38,79,3.2431574
528,8,3.2456145
546,42,3.1564164
504,74,2.7109332
632,122,2.3248084
360,46,2.9902763
475,42,3.6321278
439,37,4.0817566
485,45,2.062935
424,132,3.2188854
539,69,2.6637535
394,10,3.0780435
652,34,3.23588
74,477,4.1602764
257,46,3.1496994
218,67,3.2835116
551,76,3.2558317
492,255,3.2451682
498,86,3.342412
348,13,2.4731884
257,120,3.3326855
440,255,2.692298
479,102,2.714117
118,328,2.2594275
11,11,2.8956957
4,26,3.2864509
557,74,2.282835
28,42,2.7499537
378,882,3.3626657
628,100,4.2794886
80,55,3.1115305
13,26,1.6792852
365,64,3.5980654
331,57,2.5654554
646,32,2.6797557
313,102,3.3375406
331,23,2.6871738
539,102,2.8277462
224,47,3.6838574
365,62,1.8960603
170,132,1.9110965
38,143,3.507412
282,52,3.6045775
146,48,2.705532
272,74,3.594359
331,72,3.3460174
168,80,3.3132372
234,85,3.2563114
590,62,2.6773124
362,24,2.4840045
391,6,3.4685361
300,8,3.591508
256,61,3.659235
256,188,2.3322954
208,33,2.6454816
647,33,3.2792606
487,102,3.6860347
476,24,3.3660722
515,11,2.6106327
669,47,3.2225494
579,64,1.8356905
425,46,2.2312403
140,634,3.0677867
364,8,2.655693
81,564,2.0850396
602,0,3.094521
568,57,2.4278746
669,68,3.3777986
159,125,3.0733833
81,27,2.3966699
476,74,2.5433843
521,31,3.4565463
43,31,3.286646
504,39,3.083896
425,52,3.1143403
625,327,3.1697874
353,58,1.719586
171,0,2.767284
353,60,3.6551423
392,702,3.9151745
379,55,3.7080522
296,62,3.993875
225,131,3.4260783
499,20,1.8243356
517,55,1.9168093
696,8,1.8658173
575,796,2.5394323
694,22,3.4517426
88,55,2.6631312
365,67,2.9420683
376,13,2.8741798
93,122,2.2098658
174,32,2.6410246
464,21,2.534686
298,76,3.53825
5,34,2.3995605
193,160,2.7124248
192,52,3.282773
151,52,1.6792852
549,8,1.6792852
424,0,2.213551
36,0,3.491209
261,45,2.956638
328,62,1.6864374
674,68,1.6792852
647,45,3.4599452
333,11,2.5955172
66,31,2.4600372
163,69,3.341115
242,60,3.9591475
339,20,2.6194212
42,239,3.504773
81,613,3.8905654
134,102,2.6039546
76,189,3.7148094
206,46,2.3359249
24,22,3.2421403
482,13,3.7539597
289,33,2.716395
193,546,3.224462
568,10,4.136374
37,370,3.6470656
68,59,2.8769124
388,239,2.7428303
594,62,3.548585
611,74,3.6853867
51,65,1.6792852
382,102,2.799212
348,31,3.5994208
637,61,3.2832022
113,52,2.0891428
328,0,4.0983353
195,26,3.8177638
499,132,1.8020854
401,433,2.0646796
484,102,2.2270198
568,68,2.6097853
208,255,3.4816942
204,144,3.6129904
175,68,1.8311064
81,13,3.5972812
181,102,3.7559872
484,64,3.7885718
42,46,2.35786
340,33,3.827746
113,733,2.4989376
668,51,2.5857997
381,52,3.7212162
344,47,3.465448
236,10,3.9075093
617,67,3.439737
25,156,2.717115
502,31,3.0369205
353,24,2.4287233
625,144,3.2503054
199,20,3.1376085
351,24,3.2698011
177,45,2.5615726
364,832,1.7018448
89,85,1.7227308
584,34,1.7623186
669,24,4.04921
613,102,2.8569646
280,120,4.262476
375,120,2.499578
516,145,3.32542
462,68,3.4647288
43,358,3.0818763
503,145,3.3939776
700,37,3.1267452
88,31,2.0726237
110,47,2.3375154
537,68,3.4614959
300,22,2.7799306
401,47,3.752265
377,39,3.2890449
683,52,3.5478997
289,47,3.8840094
546,46,3.6833782
109,42,2.833898
236,51,3.0841641
124,11,3.779128
53,701,1.7384807
637,78,1.8086276
568,132,3.545183
411,328,1.6792852
109,102,2.5145159
262,36,3.4840074
366,78,2.7913399
551,86,2.2167423
425,102,2.0927558
694,47,3.3459902
52,60,3.1895149
554,325,2.5342894
509,31,4.0963187
579,10,4.3423643
360,20,2.3568828
262,912,3.0468664
365,20,2.8013172
31,51,2.8936286
639,67,3.462328
608,47,3.5458288
646,65,2.2129035
503,45,2.2890332
89,23,2.1168451
475,120,2.3625002
410,0,2.946905
537,32,2.0454168
13,122,3.0634503
160,61,2.4513352
220,32,3.161624
262,406,1.9605818
147,563,2.787005
376,24,3.7540383
468,144,3.5354648
379,69,2.7971544
590,10,2.7990384
210,612,3.3756728
325,55,2.088566
114,32,2.231538
357,34,3.6471539
516,78,2.265241
25,31,1.6792852
88,255,2.8865442
700,62,2.1187046
161,39,4.4394445
105,55,3.2746196
358,74,2.9493039
499,69,1.6792852
550,120,2.2351506
287,45,3.6527443
374,55,3.9199758
494,145,3.7766366
692,120,2.0740623
315,74,2.8451734
13,119,3.0245163
190,31,3.40302
262,402,2.736236
552,61,2.330328
99,255,2.3493624
105,64,1.8013419
579,102,3.3965597
132,51,3.3025932
374,47,2.8528996
528,245,2.2120907
131,47,2.2768729
328,60,2.3917737
529,13,3.272245
363,47,3.123868
378,24,4.2150016
374,122,2.5837147
256,74,2.9595523
227,144,1.6948951
435,31,3.1225886
590,57,3.095179
704,76,2.451771
163,78,1.9039809
338,34,2.3449798
404,47,2.9757895
500,45,2.7826777
37,139,3.7107296
300,120,2.7324102
328,37,2.4292946
231,60,3.8571773
23,105,2.620624
249,31,2.306309
289,85,2.5960774
118,570,2.595925
365,122,2.021031
23,809,3.0108933
241,52,1.6792852
25,88,2.6664162
364,226,2.3166308
242,23,3.3640456
74,783,1.6792852
146,518,3.172401
570,327,3.0575085
105,42,3.5466883
68,415,2.691443
81,264,2.9916058
696,64,1.7862592
172,605,1.6792852
37,751,3.067431
37,304,2.8323884
313,31,1.9186972
259,45,3.1843152
31,64,1.6792852
204,24,2.4380248
134,42,3.5862272
77,31,3.1470892
4,45,2.1178021
146,330,2.9227648
134,80,4.2279515
380,13,3.3776994
643,371,2.020966
435,33,3.8147545
380,74,2.5419402
74,489,4.322071
668,62,3.8029165
220,68,2.714106
101,863,3.3626199
74,388,3.117801
643,33,1.9751868
164,33,2.5312986
193,856,2.7526102
649,37,3.5075843
636,11,3.867938
360,86,2.7035623
53,41,3.0726972
126,22,2.8514152
646,46,2.2264771
479,47,3.5448394
503,6,2.2380376
611,34,2.3794618
543,11,3.306898
524,26,2.2871375
53,226,3.8656678
673,31,3.1333747
699,60,4.0353494
694,57,3.45604
482,381,2.9311802
666,31,2.2725365
359,125,3.2478871
543,37,3.6905208
668,24,2.6087196
184,52,2.29689
608,80,3.894246
699,26,3.270141
660,45,3.571639
172,156,3.647183
161,11,3.3295665
504,23,2.2432983
300,55,1.6792852
4,47,3.3083105
195,40,2.8552456
477,10,2.701066
193,564,2.2566104
642,22,3.0584836
74,86,2.8391833
544,255,3.3162036
180,39,3.4593318
540,76,3.2570834
191,80,2.7496893
391,58,3.005434
627,45,2.1610491
155,31,2.6942205
420,121,2.9966736
338,74,2.2996576
189,21,3.7622738
590,86,3.6756911
348,132,3.800191
49,68,3.3631163
70,24,2.1083312
619,686,3.58067
214,63,3.4007907
459,282,2.6343923
12,68,3.1353855
489,122,4.1055264
64,76,1.7560438
126,80,3.291058
226,45,2.1076689
208,61,1.7474911
170,74,3.498127
199,57,2.653946
698,34,3.5423992
256,18,2.8002121
44,145,3.8160791
289,60,3.5167108
10,69,2.4037733
117,60,1.8784535
631,26,2.9406567
213,46,1.8184894
114,47,3.6956577
475,76,3.4675727
384,67,2.2208302
360,74,2.963832
377,52,4.057247
377,76,3.5542707
33,195,3.3287997
516,86,3.6004636
236,72,2.303176
627,80,2.4953885
37,277,2.3733635
592,76,2.6905057
343,65,3.693931
557,85,3.1104481
399,24,3.1868796
187,57,2.861672
611,68,3.5330882
315,255,3.0551615
652,23,3.072169
135,375,2.4822872
248,62,3.350576
175,31,3.5555165
32,80,2.4100413
432,85,3.1649551
499,10,2.8524404
87,24,2.9203768
445,23,3.4698677
405,62,2.9860725
498,24,2.3386865
292,677,3.959238
350,360,1.6792852
311,45,2.2872558
340,6,3.463519
230,68,3.2982235
300,31,3.307874
498,47,3.282576
227,22,3.5250635
568,51,3.2626417
493,145,3.024636
83,13,3.7340631
252,51,3.110876
644,6,2.4309545
348,86,3.1384544
34,45,2.4342623
180,6,3.2620883
102,125,2.2314596
524,288,3.1509686
475,32,2.4621475
6,102,2.1108363
38,200,2.599246
38,199,2.6312394
115,80,3.7934422
164,64,2.588001
117,47,3.0441527
458,67,2.881907
229,122,2.6562095
594,141,2.7392
445,76,2.543178
353,74,2.4071035
625,23,3.6700215
81,17,3.2106209
669,96,2.151759
363,78,3.4756355
649,22,3.278339
48,39,2.5651267
281,57,3.6441183
83,312,3.4608786
363,0,3.5072742
122,76,3.3731816
227,51,3.5181046
668,21,3.7541518
297,47,1.6792852
299,8,3.7591443
25,52,3.5322657
592,102,2.8222995
37,737,2.4860308
146,305,3.228222
88,713,2.1439319
265,46,2.7436895
187,11,3.222443
465,62,2.4271154
519,34,2.7522159
206,80,2.5728638
286,78,2.8103266
497,86,3.627173
537,102,3.2469516
363,13,2.739841
622,72,2.9863937
594,295,2.6145542
88,78,3.3829546
429,6,3.4886303
208,26,2.6748412
163,80,1.9298329
171,39,3.3365455
93,6,2.7383928
540,6,2.5444384
65,68,3.3606534
171,65,3.7375584
39,55,3.751029
307,80,2.1196275
67,255,1.9220686
74,57,2.282094
146,341,3.1505456
484,80,3.7289248
327,47,3.647153
75,163,2.8203864
503,22,2.4517493
533,122,3.0847888
346,80,2.2409477
363,8,3.0597153
230,39,3.1674201
664,57,3.2469082
159,144,3.3502321
51,145,2.5286975
256,50,3.9566636
614,26,2.9495163
651,80,2.262031
515,670,3.593346
499,55,3.7953682
639,52,3.153257
600,72,2.9499464
214,0,3.4779515
24,209,2.8833847
585,11,3.2848601
376,11,1.8134613
411,24,3.1147406
399,68,2.252306
43,755,1.6792852
626,86,3.2283444
694,55,3.423605
146,255,2.423099
146,145,3.7634478
458,34,3.0414808
430,93,2.7568603
218,88,3.4454818
83,144,3.1983104
170,33,2.8501112
360,64,2.0033536
89,144,2.569131
435,72,3.3297257
79,100,1.8876889
458,42,3.5859141
448,45,2.6690211
37,187,2.490249
193,385,3.4000537
701,20,3.0352817
93,132,3.5870185
625,102,2.8954587
506,55,2.150116
211,327,3.830254
318,10,2.5710561
13,62,3.7062058
227,8,3.8015327
90,26,3.5331624
255,454,2.2694955
423,144,2.833785
318,72,2.0613213
347,62,2.5968757
53,172,2.3876069
459,420,3.1832414
392,13,4.3336067
444,46,1.9951149
262,19,4.2786837
155,761,2.7467954
369,69,3.2649431
195,352,2.6451464
119,145,3.596281
218,120,2.3972864
643,232,2.5436058
155,71,2.5818868
696,62,2.8842297
503,21,3.481361
587,68,2.8693323
353,102,3.3673337
197,34,2.4938369
338,64,1.8606583
231,10,3.2554793
42,68,2.190654
329,76,3.111274
264,51,2.7816577
590,132,2.7284975
114,46,2.5681496
367,60,3.4748144
95,31,2.6077094
87,62,3.0746408
625,13,3.4554281
375,72,2.766191
84,0,3.0142832
636,8,2.8180695
392,34,2.923239
60,37,1.6792852
544,52,3.6312563
339,76,2.736063
420,24,3.2723942
43,21,3.2900782
74,1,2.4747062
619,140,3.5610604
3,72,2.6745088
82,68,2.1871061
81,78,2.2175639
416,102,1.6792852
445,10,3.2810802
703,72,2.9473805
84,39,4.3689337
276,11,3.117591
529,102,3.2775722
90,515,2.8998747
262,74,2.8232627
41,47,2.98279
318,47,2.6944122
492,6,4.1397614
256,47,1.6792852
280,673,4.202609
526,60,2.8719888
506,24,2.8195748
482,76,1.9376462
252,88,4.06442
614,62,3.3046503
385,144,3.3834615
190,712,2.1994896
96,24,2.6634557
234,55,3.3404865
590,60,3.3834848
256,949,3.8396478
274,80,3.6574154
420,26,2.7046623
425,59,3.8096437
240,47,2.5782592
175,80,3.1302347
45,68,2.6630247
292,464,4.1430316
139,100,3.9157653
595,0,2.6672893
200,46,2.9433827
151,675,3.2745948
364,68,3.2314477
189,34,3.1894565
341,393,3.973205
169,80,2.5287223
610,34,1.7286831
458,74,3.22437
533,11,3.8653364
83,120,3.1352515
78,722,2.4825606
42,24,2.4128366
423,57,2.3677926
457,45,3.5060625
524,206,3.65963
649,62,3.1020641
220,45,4.2787995
402,60,3.0522423
321,71,1.902378
543,34,1.6792852
170,52,3.3305387
510,60,2.2895331
64,39,3.09276
596,11,2.3927588
562,31,1.7790186
83,11,2.0225713
459,74,2.5212283
484,62,2.4099908
286,24,3.0858884
43,27,3.284572
377,60,3.4070134
